{
    "subtotal_original_usd": 469.36,
    "descuento_global_usd": 93.898149512642,
    "factor_descuento": 0.79994428687438,
    "total_gravado_original_usd": 382.09,
    "total_gravado_con_descuento_usd": 305.65071257183,
    "total_exento_original_usd": 87.27,
    "total_exento_con_descuento_usd": 69.811137915527,
    "total_iva_original_usd": 61.1344,
    "total_iva_con_descuento_usd": 48.904114011493,
    "subtotal_con_descuento_usd": 375.46185048736,
    "total_pagar_usd": 424.36596449885,
    "tasa_cambio": 475.01,
    "total_pagar_ves": 201578.0767966
}