{
    "subtotal_original_usd": 331.4,
    "descuento_global_usd": 9.9420150902497,
    "factor_descuento": 0.96999995446515,
    "total_gravado_con_descuento_usd": 253.94598807898,
    "total_exento_con_descuento_usd": 67.511996830774,
    "total_iva_con_descuento_usd": 40.63,
    "subtotal_con_descuento_usd": 321.45798490975,
    "total_pagar_usd": 362.08798490975,
    "tasa_cambio": 479.78,
    "total_gravado_ves": 121838.21,
    "total_iva_ves": 19494.42,
    "total_pagar_ves": 173723.53,
    "CHECK_TotalIVA_ves": 19494.42,
    "CHECK_ValorTotalImp_G_ves": "19494.42",
    "CHECK_Base_x_16pct": 19494.42
}