{
    "subtotal_original_usd": 284.74,
    "descuento_global_usd": 8.5422081992561,
    "factor_descuento": 0.96999997120441,
    "total_gravado_con_descuento_usd": 148.84649558132,
    "total_exento_con_descuento_usd": 127.35129621943,
    "total_iva_con_descuento_usd": 23.82,
    "subtotal_con_descuento_usd": 276.19779180074,
    "total_pagar_usd": 300.01779180074,
    "tasa_cambio": 478.58,
    "total_gravado_ves": 71234.96,
    "total_iva_ves": 11397.86,
    "total_pagar_ves": 143580.6,
    "CHECK_TotalIVA_ves": 11397.86,
    "CHECK_ValorTotalImp_G_ves": "0.00",
    "CHECK_Base_x_16pct": 9751.55
}