{
    "subtotal_original_usd": 429.9,
    "descuento_global_usd": 12.897070385236,
    "factor_descuento": 0.96999983627533,
    "total_gravado_con_descuento_usd": 50.34299150269,
    "total_exento_con_descuento_usd": 366.65993811207,
    "total_iva_con_descuento_usd": 8.05,
    "subtotal_con_descuento_usd": 417.00292961476,
    "total_pagar_usd": 425.05292961476,
    "tasa_cambio": 483.34,
    "total_gravado_ves": 24332.78,
    "total_iva_ves": 3893.01,
    "total_pagar_ves": 205447.21,
    "CHECK_TotalIVA_ves": 3893.01,
    "CHECK_ValorTotalImp_G_ves": "0.00",
    "CHECK_Base_x_16pct": 28355.43
}