{
    "subtotal_original_usd": 269.14,
    "descuento_global_usd": 13.45725707894,
    "factor_descuento": 0.94999904481333,
    "total_gravado_con_descuento_usd": 213.35078548418,
    "total_exento_con_descuento_usd": 42.331957436882,
    "total_iva_con_descuento_usd": 34.14,
    "subtotal_con_descuento_usd": 255.68274292106,
    "total_pagar_usd": 289.82274292106,
    "tasa_cambio": 482.77,
    "total_gravado_ves": 102999.36,
    "total_iva_ves": 16479.84,
    "total_pagar_ves": 139915.8,
    "CHECK_TotalIVA_ves": 16479.84,
    "CHECK_ValorTotalImp_G_ves": "16479.84",
    "CHECK_Base_x_16pct": 16479.84
}