{
    "subtotal_original_usd": 793.35,
    "descuento_global_usd": 31.734000797599,
    "factor_descuento": 0.95999999899464,
    "total_gravado_original_usd": 793.35,
    "total_gravado_con_descuento_usd": 761.6159992024,
    "total_exento_original_usd": 0,
    "total_exento_con_descuento_usd": 0,
    "total_iva_original_usd": 126.936,
    "total_iva_con_descuento_usd": 121.85855987238,
    "subtotal_con_descuento_usd": 761.6159992024,
    "total_pagar_usd": 883.47455907479,
    "tasa_cambio": 476.43,
    "total_pagar_ves": 420913.78418
}