{
    "subtotal_original_usd": 444.65,
    "descuento_global_usd": 13.339491869078,
    "factor_descuento": 0.97000001828612,
    "total_gravado_con_descuento_usd": 215.9705040714,
    "total_exento_con_descuento_usd": 215.34000405952,
    "total_iva_con_descuento_usd": 34.56,
    "subtotal_con_descuento_usd": 431.31050813092,
    "total_pagar_usd": 465.87050813092,
    "tasa_cambio": 483.34,
    "total_gravado_ves": 104387.18,
    "total_iva_ves": 16701.91,
    "total_pagar_ves": 225171.53,
    "CHECK_TotalIVA_ves": 16701.91,
    "CHECK_ValorTotalImp_G_ves": "16701.91",
    "CHECK_Base_x_16pct": 16701.91
}