{
    "subtotal_original_usd": 283.4,
    "descuento_global_usd": 8.5019988814549,
    "factor_descuento": 0.97000000394688,
    "total_gravado_con_descuento_usd": 274.89800111855,
    "total_exento_con_descuento_usd": 0,
    "total_iva_con_descuento_usd": 43.98,
    "subtotal_con_descuento_usd": 274.89800111855,
    "total_pagar_usd": 318.87800111855,
    "tasa_cambio": 482.77,
    "total_gravado_ves": 132712.51,
    "total_iva_ves": 21234.16,
    "total_pagar_ves": 153946.67,
    "CHECK_TotalIVA_ves": 21234.16,
    "CHECK_ValorTotalImp_G_ves": "21234.16",
    "CHECK_Base_x_16pct": 21234.16
}