{
    "subtotal_original_usd": 609.99,
    "descuento_global_usd": 121.69228016252,
    "factor_descuento": 0.80050118827764,
    "total_gravado_original_usd": 256.37,
    "total_gravado_con_descuento_usd": 205.22448963874,
    "total_exento_original_usd": 353.62,
    "total_exento_con_descuento_usd": 283.07323019874,
    "total_iva_original_usd": 41.0192,
    "total_iva_con_descuento_usd": 32.835918342198,
    "subtotal_con_descuento_usd": 488.29771983748,
    "total_pagar_usd": 521.13363817968,
    "tasa_cambio": 475.01,
    "total_pagar_ves": 247543.68947173
}