{
    "subtotal_original_usd": 269.04,
    "descuento_global_usd": 53.806937021901,
    "factor_descuento": 0.80000395100394,
    "total_gravado_con_descuento_usd": 76.032375503414,
    "total_exento_con_descuento_usd": 139.20068747468,
    "total_iva_con_descuento_usd": 12.17,
    "subtotal_con_descuento_usd": 215.2330629781,
    "total_pagar_usd": 227.4030629781,
    "tasa_cambio": 477.15,
    "total_gravado_ves": 36278.85,
    "total_iva_ves": 5804.43,
    "total_pagar_ves": 108502.89,
    "CHECK_TotalIVA_ves": 5804.43,
    "CHECK_ValorTotalImp_G_ves": "5804.43",
    "CHECK_Base_x_16pct": 5804.43
}