{
    "subtotal_original_usd": 185.46,
    "descuento_global_usd": 5.5637986568704,
    "factor_descuento": 0.97000000724215,
    "total_gravado_original_usd": 185.46,
    "total_gravado_con_descuento_usd": 179.89620134313,
    "total_exento_original_usd": 0,
    "total_exento_con_descuento_usd": 0,
    "total_iva_original_usd": 29.6736,
    "total_iva_con_descuento_usd": 28.783392214901,
    "subtotal_con_descuento_usd": 179.89620134313,
    "total_pagar_usd": 208.67959355803,
    "tasa_cambio": 475.01,
    "total_pagar_ves": 99124.893736
}