{
    "subtotal_original_usd": 130.25,
    "descuento_global_usd": 5.2099971034882,
    "factor_descuento": 0.96000002223809,
    "total_gravado_con_descuento_usd": 125.04000289651,
    "total_exento_con_descuento_usd": 0,
    "total_iva_con_descuento_usd": 20.01,
    "subtotal_con_descuento_usd": 125.04000289651,
    "total_pagar_usd": 145.05000289651,
    "tasa_cambio": 483.34,
    "total_gravado_ves": 60436.84,
    "total_iva_ves": 9669.89,
    "total_pagar_ves": 70106.73,
    "CHECK_TotalIVA_ves": 9669.89,
    "CHECK_ValorTotalImp_G_ves": "9669.89",
    "CHECK_Base_x_16pct": 9669.89
}