{
    "subtotal_original_usd": 497.68,
    "descuento_global_usd": 24.891791751753,
    "factor_descuento": 0.94998434385197,
    "total_gravado_original_usd": 425.88,
    "total_gravado_con_descuento_usd": 404.57933235968,
    "total_exento_original_usd": 71.8,
    "total_exento_con_descuento_usd": 68.208875888571,
    "total_iva_original_usd": 68.1408,
    "total_iva_con_descuento_usd": 64.732693177548,
    "subtotal_con_descuento_usd": 472.78820824825,
    "total_pagar_usd": 537.5209014258,
    "tasa_cambio": 475.01,
    "total_pagar_ves": 255327.80338627
}