{
    "subtotal_original_usd": 230.24,
    "descuento_global_usd": 11.512010273468,
    "factor_descuento": 0.94999995537931,
    "total_gravado_original_usd": 230.24,
    "total_gravado_con_descuento_usd": 218.72798972653,
    "total_exento_original_usd": 0,
    "total_exento_con_descuento_usd": 0,
    "total_iva_original_usd": 36.8384,
    "total_iva_con_descuento_usd": 34.996478356245,
    "subtotal_con_descuento_usd": 218.72798972653,
    "total_pagar_usd": 253.72446808278,
    "tasa_cambio": 475.01,
    "total_pagar_ves": 120521.659584
}