{
    "subtotal_original_usd": 343.7,
    "descuento_global_usd": 10.31199121735,
    "factor_descuento": 0.96999711603913,
    "total_gravado_con_descuento_usd": 285.56715096192,
    "total_exento_con_descuento_usd": 47.820857820729,
    "total_iva_con_descuento_usd": 45.69,
    "subtotal_con_descuento_usd": 333.38800878265,
    "total_pagar_usd": 379.07800878265,
    "tasa_cambio": 482.77,
    "total_gravado_ves": 137863.25,
    "total_iva_ves": 22058.34,
    "total_pagar_ves": 183008.07,
    "CHECK_TotalIVA_ves": 22058.34,
    "CHECK_ValorTotalImp_G_ves": "22058.34",
    "CHECK_Base_x_16pct": 22058.34
}