{
    "subtotal_original_usd": 408.83,
    "descuento_global_usd": 16.353210335201,
    "factor_descuento": 0.95999997472005,
    "total_gravado_original_usd": 408.83,
    "total_gravado_con_descuento_usd": 392.4767896648,
    "total_exento_original_usd": 0,
    "total_exento_con_descuento_usd": 0,
    "total_iva_original_usd": 65.4128,
    "total_iva_con_descuento_usd": 62.796286346368,
    "subtotal_con_descuento_usd": 392.4767896648,
    "total_pagar_usd": 455.27307601117,
    "tasa_cambio": 476.43,
    "total_pagar_ves": 216905.751604
}