{
    "subtotal_original_usd": 22.43,
    "descuento_global_usd": 1.1215086688459,
    "factor_descuento": 0.94999961351556,
    "total_gravado_con_descuento_usd": 16.007493487737,
    "total_exento_con_descuento_usd": 5.3009978434168,
    "total_iva_con_descuento_usd": 2.56,
    "subtotal_con_descuento_usd": 21.308491331154,
    "total_pagar_usd": 23.868491331154,
    "tasa_cambio": 483.34,
    "total_gravado_ves": 7737.06,
    "total_iva_ves": 1238.12,
    "total_pagar_ves": 11537.37,
    "CHECK_TotalIVA_ves": 1238.12,
    "CHECK_ValorTotalImp_G_ves": "1238.12",
    "CHECK_Base_x_16pct": 1238.12
}