{
    "subtotal_original_usd": 88.16,
    "descuento_global_usd": 4.4084669391177,
    "factor_descuento": 0.94999470350366,
    "total_gravado_con_descuento_usd": 59.8686662148,
    "total_exento_con_descuento_usd": 23.882866846082,
    "total_iva_con_descuento_usd": 9.58,
    "subtotal_con_descuento_usd": 83.751533060882,
    "total_pagar_usd": 93.331533060882,
    "tasa_cambio": 477.15,
    "total_gravado_ves": 28566.33,
    "total_iva_ves": 4570.72,
    "total_pagar_ves": 44532.76,
    "CHECK_TotalIVA_ves": 4570.72,
    "CHECK_ValorTotalImp_G_ves": "4570.72",
    "CHECK_Base_x_16pct": 4570.72
}