{
    "subtotal_original_usd": 213.14,
    "descuento_global_usd": 6.3962021852172,
    "factor_descuento": 0.9699906062437,
    "total_gravado_original_usd": 172.44,
    "total_gravado_con_descuento_usd": 167.26518014066,
    "total_exento_original_usd": 40.7,
    "total_exento_con_descuento_usd": 39.478617674119,
    "total_iva_original_usd": 27.5904,
    "total_iva_con_descuento_usd": 26.762428822506,
    "subtotal_con_descuento_usd": 206.74379781478,
    "total_pagar_usd": 233.50622663729,
    "tasa_cambio": 475.01,
    "total_pagar_ves": 110917.79271498
}