{
    "subtotal_original_usd": 1191.82,
    "descuento_global_usd": 47.672822058916,
    "factor_descuento": 0.9599999814914,
    "total_gravado_con_descuento_usd": 863.82718334559,
    "total_exento_con_descuento_usd": 280.31999459549,
    "total_iva_con_descuento_usd": 138.21,
    "subtotal_con_descuento_usd": 1144.1471779411,
    "total_pagar_usd": 1282.3571779411,
    "tasa_cambio": 477.63,
    "total_gravado_ves": 412589.78,
    "total_iva_ves": 66014.58,
    "total_pagar_ves": 612493.6,
    "CHECK_TotalIVA_ves": 66014.58,
    "CHECK_ValorTotalImp_G_ves": "66014.58",
    "CHECK_Base_x_16pct": 66014.58
}