{
    "subtotal_original_usd": 555.09,
    "descuento_global_usd": 111.02140923116,
    "factor_descuento": 0.79999385823712,
    "total_gravado_original_usd": 300.93,
    "total_gravado_con_descuento_usd": 240.7421517593,
    "total_exento_original_usd": 254.16,
    "total_exento_con_descuento_usd": 203.32643900955,
    "total_iva_original_usd": 48.1488,
    "total_iva_con_descuento_usd": 38.518744281487,
    "subtotal_con_descuento_usd": 444.06859076884,
    "total_pagar_usd": 482.58733505033,
    "tasa_cambio": 476.43,
    "total_pagar_ves": 229919.08403803
}