{
    "subtotal_original_usd": 112.76,
    "descuento_global_usd": 5.63882567137,
    "factor_descuento": 0.94999267762176,
    "total_gravado_con_descuento_usd": 105.72468509253,
    "total_exento_con_descuento_usd": 1.396489236104,
    "total_iva_con_descuento_usd": 16.92,
    "subtotal_con_descuento_usd": 107.12117432863,
    "total_pagar_usd": 124.04117432863,
    "tasa_cambio": 483.34,
    "total_gravado_ves": 51100.97,
    "total_iva_ves": 8175.79,
    "total_pagar_ves": 59951.74,
    "CHECK_TotalIVA_ves": 8175.79,
    "CHECK_ValorTotalImp_G_ves": "8175.79",
    "CHECK_Base_x_16pct": 8175.79
}