{
    "subtotal_original_usd": 181.44,
    "descuento_global_usd": 36.288068169922,
    "factor_descuento": 0.79999962428394,
    "total_gravado_con_descuento_usd": 145.15193183008,
    "total_exento_con_descuento_usd": 0,
    "total_iva_con_descuento_usd": 23.22,
    "subtotal_con_descuento_usd": 145.15193183008,
    "total_pagar_usd": 168.37193183008,
    "tasa_cambio": 477.63,
    "total_gravado_ves": 69328.92,
    "total_iva_ves": 11092.48,
    "total_pagar_ves": 80421.4,
    "CHECK_TotalIVA_ves": 11092.48,
    "CHECK_ValorTotalImp_G_ves": "11092.48",
    "CHECK_Base_x_16pct": 11092.48
}