{
    "subtotal_original_usd": 363.92,
    "descuento_global_usd": 10.917598117489,
    "factor_descuento": 0.97000000517287,
    "total_gravado_original_usd": 363.92,
    "total_gravado_con_descuento_usd": 353.00240188251,
    "total_exento_original_usd": 0,
    "total_exento_con_descuento_usd": 0,
    "total_iva_original_usd": 58.2272,
    "total_iva_con_descuento_usd": 56.480384301202,
    "subtotal_con_descuento_usd": 353.00240188251,
    "total_pagar_usd": 409.48278618371,
    "tasa_cambio": 475.96,
    "total_pagar_ves": 194897.426912
}