{
    "subtotal_original_usd": 346.69,
    "descuento_global_usd": 13.867598597905,
    "factor_descuento": 0.96000000404423,
    "total_gravado_original_usd": 329.95,
    "total_gravado_con_descuento_usd": 316.75200133439,
    "total_exento_original_usd": 16.74,
    "total_exento_con_descuento_usd": 16.0704000677,
    "total_iva_original_usd": 52.792,
    "total_iva_con_descuento_usd": 50.680320213503,
    "subtotal_con_descuento_usd": 332.82240140209,
    "total_pagar_usd": 383.5027216156,
    "tasa_cambio": 476.43,
    "total_pagar_ves": 182712.20165932
}