{
    "subtotal_original_usd": 3604.78,
    "descuento_global_usd": 180.23599750882,
    "factor_descuento": 0.9500008329194,
    "total_gravado_con_descuento_usd": 3249.6678491674,
    "total_exento_con_descuento_usd": 174.8761533238,
    "total_iva_con_descuento_usd": 519.95,
    "subtotal_con_descuento_usd": 3424.5440024912,
    "total_pagar_usd": 3944.4940024912,
    "tasa_cambio": 481.7,
    "total_gravado_ves": 1565365,
    "total_iva_ves": 250458.57,
    "total_pagar_ves": 1900061.42,
    "CHECK_TotalIVA_ves": 250458.57,
    "CHECK_ValorTotalImp_G_ves": "0.00",
    "CHECK_Base_x_16pct": 13478.35
}