{
    "subtotal_original_usd": 346.71,
    "descuento_global_usd": 69.323590943928,
    "factor_descuento": 0.80005309640931,
    "total_gravado_con_descuento_usd": 189.48457535358,
    "total_exento_con_descuento_usd": 87.901833702491,
    "total_iva_con_descuento_usd": 30.32,
    "subtotal_con_descuento_usd": 277.38640905607,
    "total_pagar_usd": 307.70640905607,
    "tasa_cambio": 482.77,
    "total_gravado_ves": 91477.47,
    "total_iva_ves": 14636.04,
    "total_pagar_ves": 148549.88,
    "CHECK_TotalIVA_ves": 14636.04,
    "CHECK_ValorTotalImp_G_ves": "0.00",
    "CHECK_Base_x_16pct": 6789.68
}