{
    "subtotal_original_usd": 131.52,
    "descuento_global_usd": 6.575992055282,
    "factor_descuento": 0.95000006040692,
    "total_gravado_con_descuento_usd": 112.2900071401,
    "total_exento_con_descuento_usd": 12.65400080462,
    "total_iva_con_descuento_usd": 17.97,
    "subtotal_con_descuento_usd": 124.94400794472,
    "total_pagar_usd": 142.91400794472,
    "tasa_cambio": 483.34,
    "total_gravado_ves": 54274.25,
    "total_iva_ves": 8683.88,
    "total_pagar_ves": 69074.32,
    "CHECK_TotalIVA_ves": 8683.88,
    "CHECK_ValorTotalImp_G_ves": "8683.88",
    "CHECK_Base_x_16pct": 8683.88
}