{
    "subtotal_original_usd": 465.51,
    "descuento_global_usd": 93.096489573509,
    "factor_descuento": 0.8000118373966,
    "total_gravado_con_descuento_usd": 292.00432064976,
    "total_exento_con_descuento_usd": 80.409189776732,
    "total_iva_con_descuento_usd": 46.72,
    "subtotal_con_descuento_usd": 372.41351042649,
    "total_pagar_usd": 419.13351042649,
    "tasa_cambio": 477.15,
    "total_gravado_ves": 139329.86,
    "total_iva_ves": 22292.45,
    "total_pagar_ves": 199989.56,
    "CHECK_TotalIVA_ves": 22292.45,
    "CHECK_ValorTotalImp_G_ves": "22292.45",
    "CHECK_Base_x_16pct": 22292.45
}