{
    "subtotal_original_usd": 404.56,
    "descuento_global_usd": 28.319222920918,
    "factor_descuento": 0.92999994334359,
    "total_gravado_con_descuento_usd": 376.24077707908,
    "total_exento_con_descuento_usd": 0,
    "total_iva_con_descuento_usd": 60.2,
    "subtotal_con_descuento_usd": 376.24077707908,
    "total_pagar_usd": 436.44077707908,
    "tasa_cambio": 480.26,
    "total_gravado_ves": 180693.4,
    "total_iva_ves": 28910.88,
    "total_pagar_ves": 209604.28,
    "CHECK_TotalIVA_ves": 28910.88,
    "CHECK_ValorTotalImp_G_ves": "28910.88",
    "CHECK_Base_x_16pct": 28910.88
}