{
    "subtotal_original_usd": 1747.63,
    "descuento_global_usd": 122.3341315121,
    "factor_descuento": 0.92999998196867,
    "total_gravado_con_descuento_usd": 777.88918491787,
    "total_exento_con_descuento_usd": 847.40668357003,
    "total_iva_con_descuento_usd": 124.46,
    "subtotal_con_descuento_usd": 1625.2958684879,
    "total_pagar_usd": 1749.7558684879,
    "tasa_cambio": 480.26,
    "total_gravado_ves": 373589.06,
    "total_iva_ves": 59774.31,
    "total_pagar_ves": 840338.9,
    "CHECK_TotalIVA_ves": 59774.31,
    "CHECK_ValorTotalImp_G_ves": "0.00",
    "CHECK_Base_x_16pct": 65116.34
}