{
    "subtotal_original_usd": 3715.24,
    "descuento_global_usd": 260.06685961771,
    "factor_descuento": 0.9299999839532,
    "total_gravado_con_descuento_usd": 1872.1457676968,
    "total_exento_con_descuento_usd": 1583.0273726855,
    "total_iva_con_descuento_usd": 299.54,
    "subtotal_con_descuento_usd": 3455.1731403823,
    "total_pagar_usd": 3754.7131403823,
    "tasa_cambio": 480.26,
    "total_gravado_ves": 899116.73,
    "total_iva_ves": 143859,
    "total_pagar_ves": 1803240.45,
    "CHECK_TotalIVA_ves": 143859,
    "CHECK_ValorTotalImp_G_ves": "143859.00",
    "CHECK_Base_x_16pct": 143859
}