{
    "subtotal_original_usd": 423.21,
    "descuento_global_usd": 84.641944380118,
    "factor_descuento": 0.80000013142384,
    "total_gravado_original_usd": 423.21,
    "total_gravado_con_descuento_usd": 338.56805561988,
    "total_exento_original_usd": 0,
    "total_exento_con_descuento_usd": 0,
    "total_iva_original_usd": 67.7136,
    "total_iva_con_descuento_usd": 54.170888899181,
    "subtotal_con_descuento_usd": 338.56805561988,
    "total_pagar_usd": 392.73894451906,
    "tasa_cambio": 475.01,
    "total_pagar_ves": 186554.926036
}