{
    "subtotal_original_usd": 371.05,
    "descuento_global_usd": 11.131511900077,
    "factor_descuento": 0.96999996792864,
    "total_gravado_con_descuento_usd": 171.36019433427,
    "total_exento_con_descuento_usd": 188.55829376565,
    "total_iva_con_descuento_usd": 27.42,
    "subtotal_con_descuento_usd": 359.91848809992,
    "total_pagar_usd": 387.33848809992,
    "tasa_cambio": 482.77,
    "total_gravado_ves": 82727.56,
    "total_iva_ves": 13236.4,
    "total_pagar_ves": 186994.25,
    "CHECK_TotalIVA_ves": 13236.4,
    "CHECK_ValorTotalImp_G_ves": "13236.40",
    "CHECK_Base_x_16pct": 13236.4
}