{
    "subtotal_original_usd": 443.09,
    "descuento_global_usd": 17.727585058094,
    "factor_descuento": 0.95999100621072,
    "total_gravado_con_descuento_usd": 353.78548551884,
    "total_exento_con_descuento_usd": 71.576929423071,
    "total_iva_con_descuento_usd": 56.61,
    "subtotal_con_descuento_usd": 425.36241494191,
    "total_pagar_usd": 481.97241494191,
    "tasa_cambio": 480.26,
    "total_gravado_ves": 169909.02,
    "total_iva_ves": 27185.79,
    "total_pagar_ves": 231470.34,
    "CHECK_TotalIVA_ves": 27185.79,
    "CHECK_ValorTotalImp_G_ves": "27185.79",
    "CHECK_Base_x_16pct": 27185.79
}