{
    "subtotal_original_usd": 854.44,
    "descuento_global_usd": 34.17751491722,
    "factor_descuento": 0.96000009957724,
    "total_gravado_original_usd": 451.94,
    "total_gravado_con_descuento_usd": 433.86244500294,
    "total_exento_original_usd": 402.5,
    "total_exento_con_descuento_usd": 386.40004007984,
    "total_iva_original_usd": 72.3104,
    "total_iva_con_descuento_usd": 69.41799120047,
    "subtotal_con_descuento_usd": 820.26248508278,
    "total_pagar_usd": 889.68047628325,
    "tasa_cambio": 475.96,
    "total_pagar_ves": 423452.31949178
}