{
    "subtotal_original_usd": 753,
    "descuento_global_usd": 30.120088022634,
    "factor_descuento": 0.95999988310407,
    "total_gravado_con_descuento_usd": 722.87991197737,
    "total_exento_con_descuento_usd": 0,
    "total_iva_con_descuento_usd": 115.66,
    "subtotal_con_descuento_usd": 722.87991197737,
    "total_pagar_usd": 838.53991197737,
    "tasa_cambio": 477.15,
    "total_gravado_ves": 344922.15,
    "total_iva_ves": 55187.55,
    "total_pagar_ves": 400109.7,
    "CHECK_TotalIVA_ves": 55187.55,
    "CHECK_ValorTotalImp_G_ves": "55187.55",
    "CHECK_Base_x_16pct": 55187.55
}