{
    "subtotal_original_usd": 291.24,
    "descuento_global_usd": 58.247902728007,
    "factor_descuento": 0.80000033399256,
    "total_gravado_con_descuento_usd": 232.99209727199,
    "total_exento_con_descuento_usd": 0,
    "total_iva_con_descuento_usd": 37.28,
    "subtotal_con_descuento_usd": 232.99209727199,
    "total_pagar_usd": 270.27209727199,
    "tasa_cambio": 482.77,
    "total_gravado_ves": 112481.59,
    "total_iva_ves": 17996.89,
    "total_pagar_ves": 130478.48,
    "CHECK_TotalIVA_ves": 17996.89,
    "CHECK_ValorTotalImp_G_ves": "17996.89",
    "CHECK_Base_x_16pct": 17996.89
}