{
    "subtotal_original_usd": 214.18,
    "descuento_global_usd": 6.4258966792735,
    "factor_descuento": 0.96999768101936,
    "total_gravado_con_descuento_usd": 147.19714809469,
    "total_exento_con_descuento_usd": 60.556955226039,
    "total_iva_con_descuento_usd": 23.55,
    "subtotal_con_descuento_usd": 207.75410332073,
    "total_pagar_usd": 231.30410332073,
    "tasa_cambio": 481.22,
    "total_gravado_ves": 70834.21,
    "total_iva_ves": 11333.69,
    "total_pagar_ves": 111309.12,
    "CHECK_TotalIVA_ves": 11333.69,
    "CHECK_ValorTotalImp_G_ves": "0.00",
    "CHECK_Base_x_16pct": 4662.83
}