{
    "subtotal_original_usd": 763.24,
    "descuento_global_usd": 38.161997765548,
    "factor_descuento": 0.95000000292759,
    "total_gravado_con_descuento_usd": 207.13800063833,
    "total_exento_con_descuento_usd": 517.94000159612,
    "total_iva_con_descuento_usd": 33.14,
    "subtotal_con_descuento_usd": 725.07800223445,
    "total_pagar_usd": 758.21800223445,
    "tasa_cambio": 483.34,
    "total_gravado_ves": 100118.08,
    "total_iva_ves": 16019.05,
    "total_pagar_ves": 366478.25,
    "CHECK_TotalIVA_ves": 16019.05,
    "CHECK_ValorTotalImp_G_ves": "0.00",
    "CHECK_Base_x_16pct": 40054.58
}