{
    "subtotal_original_usd": 230.24,
    "descuento_global_usd": 11.512010273468,
    "factor_descuento": 0.94999995537931,
    "total_gravado_con_descuento_usd": 218.72798972653,
    "total_exento_con_descuento_usd": 0,
    "total_iva_con_descuento_usd": 35,
    "subtotal_con_descuento_usd": 218.72798972653,
    "total_pagar_usd": 253.72798972653,
    "tasa_cambio": 475.01,
    "total_gravado_ves": 103897.98,
    "total_iva_ves": 16623.83,
    "total_pagar_ves": 120521.81,
    "CHECK_TotalIVA_ves": 16623.83,
    "CHECK_ValorTotalImp_G_ves": "16623.83",
    "CHECK_Base_x_16pct": 16623.83
}