{
    "subtotal_original_usd": 285.93,
    "descuento_global_usd": 57.185975032105,
    "factor_descuento": 0.80000008732171,
    "total_gravado_original_usd": 285.93,
    "total_gravado_con_descuento_usd": 228.7440249679,
    "total_exento_original_usd": 0,
    "total_exento_con_descuento_usd": 0,
    "total_iva_original_usd": 45.7488,
    "total_iva_con_descuento_usd": 36.599043994863,
    "subtotal_con_descuento_usd": 228.7440249679,
    "total_pagar_usd": 265.34306896276,
    "tasa_cambio": 475.01,
    "total_pagar_ves": 126040.611188
}