{
    "subtotal_original_usd": 712,
    "descuento_global_usd": 35.599975143443,
    "factor_descuento": 0.95000003491089,
    "total_gravado_con_descuento_usd": 676.40002485656,
    "total_exento_con_descuento_usd": 0,
    "total_iva_con_descuento_usd": 108.22,
    "subtotal_con_descuento_usd": 676.40002485656,
    "total_pagar_usd": 784.62002485656,
    "tasa_cambio": 482.77,
    "total_gravado_ves": 326545.64,
    "total_iva_ves": 52247.3,
    "total_pagar_ves": 378792.94,
    "CHECK_TotalIVA_ves": 52247.3,
    "CHECK_ValorTotalImp_G_ves": "52247.30",
    "CHECK_Base_x_16pct": 52247.3
}