{
    "subtotal_original_usd": 400.2,
    "descuento_global_usd": 12.006047130211,
    "factor_descuento": 0.96999988223336,
    "total_gravado_con_descuento_usd": 21.533997385581,
    "total_exento_con_descuento_usd": 366.65995548421,
    "total_iva_con_descuento_usd": 3.45,
    "subtotal_con_descuento_usd": 388.19395286979,
    "total_pagar_usd": 391.64395286979,
    "tasa_cambio": 481.22,
    "total_gravado_ves": 10362.59,
    "total_iva_ves": 1657.71,
    "total_pagar_ves": 188464.4,
    "CHECK_TotalIVA_ves": 1657.71,
    "CHECK_ValorTotalImp_G_ves": "0.00",
    "CHECK_Base_x_16pct": 28231.06
}