{
    "subtotal_original_usd": 1011.61,
    "descuento_global_usd": 40.464434973311,
    "factor_descuento": 0.95999996542807,
    "total_gravado_con_descuento_usd": 759.29277265602,
    "total_exento_con_descuento_usd": 211.85279237067,
    "total_iva_con_descuento_usd": 121.49,
    "subtotal_con_descuento_usd": 971.14556502669,
    "total_pagar_usd": 1092.6355650267,
    "tasa_cambio": 483.34,
    "total_gravado_ves": 366996.57,
    "total_iva_ves": 58719.24,
    "total_pagar_ves": 528112.74,
    "CHECK_TotalIVA_ves": 58719.24,
    "CHECK_ValorTotalImp_G_ves": "0.00",
    "CHECK_Base_x_16pct": 16383.29
}