{
    "subtotal_original_usd": 1422.76,
    "descuento_global_usd": 56.910396431698,
    "factor_descuento": 0.96000000250801,
    "total_gravado_con_descuento_usd": 609.56160159249,
    "total_exento_con_descuento_usd": 756.28800197581,
    "total_iva_con_descuento_usd": 97.53,
    "subtotal_con_descuento_usd": 1365.8496035683,
    "total_pagar_usd": 1463.3796035683,
    "tasa_cambio": 479.78,
    "total_gravado_ves": 292455.47,
    "total_iva_ves": 46792.75,
    "total_pagar_ves": 702100.07,
    "CHECK_TotalIVA_ves": 46792.75,
    "CHECK_ValorTotalImp_G_ves": "46792.75",
    "CHECK_Base_x_16pct": 46792.75
}