{
    "subtotal_original_usd": 113.9,
    "descuento_global_usd": 5.6950100461918,
    "factor_descuento": 0.94999991179814,
    "total_gravado_con_descuento_usd": 37.999996471926,
    "total_exento_con_descuento_usd": 70.204993481883,
    "total_iva_con_descuento_usd": 6.08,
    "subtotal_con_descuento_usd": 108.20498995381,
    "total_pagar_usd": 114.28498995381,
    "tasa_cambio": 482.77,
    "total_gravado_ves": 18345.26,
    "total_iva_ves": 2935.24,
    "total_pagar_ves": 55173.36,
    "CHECK_TotalIVA_ves": 2935.24,
    "CHECK_ValorTotalImp_G_ves": "2935.24",
    "CHECK_Base_x_16pct": 2935.24
}