{
    "subtotal_original_usd": 585.09,
    "descuento_global_usd": 29.254499937932,
    "factor_descuento": 0.95000000010608,
    "total_gravado_con_descuento_usd": 444.60000004965,
    "total_exento_con_descuento_usd": 111.23550001242,
    "total_iva_con_descuento_usd": 71.14,
    "subtotal_con_descuento_usd": 555.83550006207,
    "total_pagar_usd": 626.97550006207,
    "tasa_cambio": 483.34,
    "total_gravado_ves": 214892.96,
    "total_iva_ves": 34382.87,
    "total_pagar_ves": 303040.4,
    "CHECK_TotalIVA_ves": 34382.87,
    "CHECK_ValorTotalImp_G_ves": "0.00",
    "CHECK_Base_x_16pct": 8602.68
}