{
    "subtotal_original_usd": 383.3,
    "descuento_global_usd": 19.165014783659,
    "factor_descuento": 0.94999996143058,
    "total_gravado_con_descuento_usd": 207.8504915614,
    "total_exento_con_descuento_usd": 156.28449365494,
    "total_iva_con_descuento_usd": 33.26,
    "subtotal_con_descuento_usd": 364.13498521634,
    "total_pagar_usd": 397.39498521634,
    "tasa_cambio": 480.26,
    "total_gravado_ves": 99822.28,
    "total_iva_ves": 15971.53,
    "total_pagar_ves": 190851,
    "CHECK_TotalIVA_ves": 15971.53,
    "CHECK_ValorTotalImp_G_ves": "0.00",
    "CHECK_Base_x_16pct": 12008.8
}