{
    "subtotal_original_usd": 677.51,
    "descuento_global_usd": 27.100793338443,
    "factor_descuento": 0.95999941943522,
    "total_gravado_con_descuento_usd": 650.40920666156,
    "total_exento_con_descuento_usd": 0,
    "total_iva_con_descuento_usd": 104.07,
    "subtotal_con_descuento_usd": 650.40920666156,
    "total_pagar_usd": 754.47920666156,
    "tasa_cambio": 482.77,
    "total_gravado_ves": 313998.05,
    "total_iva_ves": 50239.75,
    "total_pagar_ves": 364237.8,
    "CHECK_TotalIVA_ves": 50239.75,
    "CHECK_ValorTotalImp_G_ves": "50239.75",
    "CHECK_Base_x_16pct": 50239.75
}