{
    "subtotal_original_usd": 230.91,
    "descuento_global_usd": 11.546021093001,
    "factor_descuento": 0.94999774330691,
    "total_gravado_con_descuento_usd": 141.08416485851,
    "total_exento_con_descuento_usd": 78.27981404849,
    "total_iva_con_descuento_usd": 22.57,
    "subtotal_con_descuento_usd": 219.363978907,
    "total_pagar_usd": 241.933978907,
    "tasa_cambio": 479.78,
    "total_gravado_ves": 67689.36,
    "total_iva_ves": 10829.98,
    "total_pagar_ves": 116076.43,
    "CHECK_TotalIVA_ves": 10829.98,
    "CHECK_ValorTotalImp_G_ves": "10829.98",
    "CHECK_Base_x_16pct": 10829.98
}