{
    "subtotal_original_usd": 975.3,
    "descuento_global_usd": 195.05978001947,
    "factor_descuento": 0.80000022555165,
    "total_gravado_con_descuento_usd": 115.74403263281,
    "total_exento_con_descuento_usd": 664.49618734772,
    "total_iva_con_descuento_usd": 18.52,
    "subtotal_con_descuento_usd": 780.24021998053,
    "total_pagar_usd": 798.76021998053,
    "tasa_cambio": 482.77,
    "total_gravado_ves": 55877.75,
    "total_iva_ves": 8940.13,
    "total_pagar_ves": 385616.7,
    "CHECK_TotalIVA_ves": 8940.13,
    "CHECK_ValorTotalImp_G_ves": "8940.13",
    "CHECK_Base_x_16pct": 8940.13
}