{
    "subtotal_original_usd": 2240,
    "descuento_global_usd": 111.99966501267,
    "factor_descuento": 0.95000014954792,
    "total_gravado_con_descuento_usd": 2128.0003349873,
    "total_exento_con_descuento_usd": 0,
    "total_iva_con_descuento_usd": 340.48,
    "subtotal_con_descuento_usd": 2128.0003349873,
    "total_pagar_usd": 2468.4803349873,
    "tasa_cambio": 477.63,
    "total_gravado_ves": 1016396.8,
    "total_iva_ves": 162623.46,
    "total_pagar_ves": 1179020.26,
    "CHECK_TotalIVA_ves": 162623.46,
    "CHECK_ValorTotalImp_G_ves": "162623.46",
    "CHECK_Base_x_16pct": 162623.46
}