{
    "subtotal_original_usd": 759.78,
    "descuento_global_usd": 53.184587515096,
    "factor_descuento": 0.93000001643226,
    "total_gravado_con_descuento_usd": 436.411807711,
    "total_exento_con_descuento_usd": 270.1836047739,
    "total_iva_con_descuento_usd": 69.83,
    "subtotal_con_descuento_usd": 706.5954124849,
    "total_pagar_usd": 776.4254124849,
    "tasa_cambio": 480.26,
    "total_gravado_ves": 209591.13,
    "total_iva_ves": 33534.44,
    "total_pagar_ves": 372883.95,
    "CHECK_TotalIVA_ves": 33534.44,
    "CHECK_ValorTotalImp_G_ves": "0.00",
    "CHECK_Base_x_16pct": 20761.06
}