{
    "subtotal_original_usd": 440.1,
    "descuento_global_usd": 22.004731696083,
    "factor_descuento": 0.95000060964307,
    "total_gravado_con_descuento_usd": 259.16016631063,
    "total_exento_con_descuento_usd": 158.93510199329,
    "total_iva_con_descuento_usd": 41.47,
    "subtotal_con_descuento_usd": 418.09526830392,
    "total_pagar_usd": 459.56526830392,
    "tasa_cambio": 477.63,
    "total_gravado_ves": 123782.67,
    "total_iva_ves": 19805.21,
    "total_pagar_ves": 219500.05,
    "CHECK_TotalIVA_ves": 19805.21,
    "CHECK_ValorTotalImp_G_ves": "19805.21",
    "CHECK_Base_x_16pct": 19805.21
}