{
    "subtotal_original_usd": 660.26,
    "descuento_global_usd": 26.410401356699,
    "factor_descuento": 0.95999999794521,
    "total_gravado_con_descuento_usd": 364.51199921979,
    "total_exento_con_descuento_usd": 269.33759942351,
    "total_iva_con_descuento_usd": 58.32,
    "subtotal_con_descuento_usd": 633.8495986433,
    "total_pagar_usd": 692.1695986433,
    "tasa_cambio": 477.63,
    "total_gravado_ves": 174101.87,
    "total_iva_ves": 27856.15,
    "total_pagar_ves": 330601.73,
    "CHECK_TotalIVA_ves": 27856.15,
    "CHECK_ValorTotalImp_G_ves": "27856.15",
    "CHECK_Base_x_16pct": 27856.15
}