{
    "subtotal_original_usd": 505.45,
    "descuento_global_usd": 25.265624018592,
    "factor_descuento": 0.95001360368268,
    "total_gravado_con_descuento_usd": 420.12451595659,
    "total_exento_con_descuento_usd": 60.059860024819,
    "total_iva_con_descuento_usd": 67.22,
    "subtotal_con_descuento_usd": 480.18437598141,
    "total_pagar_usd": 547.40437598141,
    "tasa_cambio": 477.63,
    "total_gravado_ves": 200664.07,
    "total_iva_ves": 32105.91,
    "total_pagar_ves": 261456.37,
    "CHECK_TotalIVA_ves": 32105.91,
    "CHECK_ValorTotalImp_G_ves": "32105.91",
    "CHECK_Base_x_16pct": 32105.91
}