{
    "subtotal_original_usd": 317.82,
    "descuento_global_usd": 63.564015991052,
    "factor_descuento": 0.79999994968519,
    "total_gravado_con_descuento_usd": 254.25598400895,
    "total_exento_con_descuento_usd": 0,
    "total_iva_con_descuento_usd": 40.68,
    "subtotal_con_descuento_usd": 254.25598400895,
    "total_pagar_usd": 294.93598400895,
    "tasa_cambio": 482.77,
    "total_gravado_ves": 122747.16,
    "total_iva_ves": 19639.86,
    "total_pagar_ves": 142387.02,
    "CHECK_TotalIVA_ves": 19639.86,
    "CHECK_ValorTotalImp_G_ves": "19639.86",
    "CHECK_Base_x_16pct": 19639.86
}