{
    "subtotal_original_usd": 548.92,
    "descuento_global_usd": 27.445968059324,
    "factor_descuento": 0.95000005818822,
    "total_gravado_con_descuento_usd": 458.71702809676,
    "total_exento_con_descuento_usd": 62.757003843914,
    "total_iva_con_descuento_usd": 73.39,
    "subtotal_con_descuento_usd": 521.47403194068,
    "total_pagar_usd": 594.86403194068,
    "tasa_cambio": 482.77,
    "total_gravado_ves": 221454.82,
    "total_iva_ves": 35433,
    "total_pagar_ves": 287185.02,
    "CHECK_TotalIVA_ves": 35433,
    "CHECK_ValorTotalImp_G_ves": "0.00",
    "CHECK_Base_x_16pct": 4847.78
}