{
    "subtotal_original_usd": 447.62,
    "descuento_global_usd": 13.428601174364,
    "factor_descuento": 0.96999999737643,
    "total_gravado_con_descuento_usd": 429.53539883823,
    "total_exento_con_descuento_usd": 4.6559999874068,
    "total_iva_con_descuento_usd": 68.73,
    "subtotal_con_descuento_usd": 434.19139882564,
    "total_pagar_usd": 502.92139882564,
    "tasa_cambio": 480.26,
    "total_gravado_ves": 206288.67,
    "total_iva_ves": 33006.54,
    "total_pagar_ves": 241531.3,
    "CHECK_TotalIVA_ves": 33006.54,
    "CHECK_ValorTotalImp_G_ves": "0.00",
    "CHECK_Base_x_16pct": 358.08
}