{
    "subtotal_original_usd": 178.16,
    "descuento_global_usd": 7.1263947511388,
    "factor_descuento": 0.9600000294615,
    "total_gravado_con_descuento_usd": 171.03360524886,
    "total_exento_con_descuento_usd": 0,
    "total_iva_con_descuento_usd": 27.37,
    "subtotal_con_descuento_usd": 171.03360524886,
    "total_pagar_usd": 198.40360524886,
    "tasa_cambio": 478.58,
    "total_gravado_ves": 81853.26,
    "total_iva_ves": 13096.25,
    "total_pagar_ves": 94949.51,
    "CHECK_TotalIVA_ves": 13096.25,
    "CHECK_ValorTotalImp_G_ves": "13096.25",
    "CHECK_Base_x_16pct": 13096.25
}