{
    "subtotal_original_usd": 468.27,
    "descuento_global_usd": 14.047996155293,
    "factor_descuento": 0.97000022176246,
    "total_gravado_con_descuento_usd": 440.64200074003,
    "total_exento_con_descuento_usd": 13.580003104674,
    "total_iva_con_descuento_usd": 70.5,
    "subtotal_con_descuento_usd": 454.22200384471,
    "total_pagar_usd": 524.72200384471,
    "tasa_cambio": 478.58,
    "total_gravado_ves": 210882.45,
    "total_iva_ves": 33741.04,
    "total_pagar_ves": 251122.61,
    "CHECK_TotalIVA_ves": 33741.04,
    "CHECK_ValorTotalImp_G_ves": "0.00",
    "CHECK_Base_x_16pct": 1039.86
}