{
    "subtotal_original_usd": 514.59,
    "descuento_global_usd": 20.583611243449,
    "factor_descuento": 0.95999997815067,
    "total_gravado_con_descuento_usd": 485.74078894467,
    "total_exento_con_descuento_usd": 8.2655998118772,
    "total_iva_con_descuento_usd": 77.72,
    "subtotal_con_descuento_usd": 494.00638875655,
    "total_pagar_usd": 571.72638875655,
    "tasa_cambio": 482.77,
    "total_gravado_ves": 234501.08,
    "total_iva_ves": 37520.11,
    "total_pagar_ves": 276011.57,
    "CHECK_TotalIVA_ves": 37520.11,
    "CHECK_ValorTotalImp_G_ves": "37520.11",
    "CHECK_Base_x_16pct": 37520.11
}