{
    "subtotal_original_usd": 605.38,
    "descuento_global_usd": 24.215216355614,
    "factor_descuento": 0.9599999729829,
    "total_gravado_con_descuento_usd": 489.22558623181,
    "total_exento_con_descuento_usd": 91.939197412572,
    "total_iva_con_descuento_usd": 78.28,
    "subtotal_con_descuento_usd": 581.16478364439,
    "total_pagar_usd": 659.44478364439,
    "tasa_cambio": 482.77,
    "total_gravado_ves": 236183.44,
    "total_iva_ves": 37789.69,
    "total_pagar_ves": 318358.61,
    "CHECK_TotalIVA_ves": 37789.69,
    "CHECK_ValorTotalImp_G_ves": "37789.69",
    "CHECK_Base_x_16pct": 37789.69
}