{
    "subtotal_original_usd": 1523.64,
    "descuento_global_usd": 106.65485362096,
    "factor_descuento": 0.92999996480733,
    "total_gravado_con_descuento_usd": 1132.0703571607,
    "total_exento_con_descuento_usd": 284.91478921837,
    "total_iva_con_descuento_usd": 181.13,
    "subtotal_con_descuento_usd": 1416.985146379,
    "total_pagar_usd": 1598.115146379,
    "tasa_cambio": 480.26,
    "total_gravado_ves": 543688.11,
    "total_iva_ves": 86990.07,
    "total_pagar_ves": 767511.36,
    "CHECK_TotalIVA_ves": 86990.07,
    "CHECK_ValorTotalImp_G_ves": "86990.07",
    "CHECK_Base_x_16pct": 86990.07
}