{
    "subtotal_original_usd": 3019.12,
    "descuento_global_usd": 150.95602711836,
    "factor_descuento": 0.94999999101779,
    "total_gravado_original_usd": 2331.52,
    "total_gravado_con_descuento_usd": 2214.9439790578,
    "total_exento_original_usd": 687.6,
    "total_exento_con_descuento_usd": 653.21999382383,
    "total_iva_original_usd": 373.0432,
    "total_iva_con_descuento_usd": 354.39103664925,
    "subtotal_con_descuento_usd": 2868.1639728816,
    "total_pagar_usd": 3222.5550095309,
    "tasa_cambio": 476.43,
    "total_pagar_ves": 1535321.8831908
}