{
    "subtotal_original_usd": 248.19,
    "descuento_global_usd": 49.637986568704,
    "factor_descuento": 0.80000005411699,
    "total_gravado_original_usd": 248.19,
    "total_gravado_con_descuento_usd": 198.5520134313,
    "total_exento_original_usd": 0,
    "total_exento_con_descuento_usd": 0,
    "total_iva_original_usd": 39.7104,
    "total_iva_con_descuento_usd": 31.768322149007,
    "subtotal_con_descuento_usd": 198.5520134313,
    "total_pagar_usd": 230.3203355803,
    "tasa_cambio": 475.01,
    "total_pagar_ves": 109404.462604
}