{
    "subtotal_original_usd": 667.81,
    "descuento_global_usd": 26.71239918091,
    "factor_descuento": 0.96000000122653,
    "total_gravado_con_descuento_usd": 316.34880040418,
    "total_exento_con_descuento_usd": 324.74880041491,
    "total_iva_con_descuento_usd": 50.62,
    "subtotal_con_descuento_usd": 641.09760081909,
    "total_pagar_usd": 691.71760081909,
    "tasa_cambio": 478.58,
    "total_gravado_ves": 151398.21,
    "total_iva_ves": 24223.8,
    "total_pagar_ves": 331040.29,
    "CHECK_TotalIVA_ves": 24223.8,
    "CHECK_ValorTotalImp_G_ves": "24223.80",
    "CHECK_Base_x_16pct": 24223.8
}