{
    "subtotal_original_usd": 449.4,
    "descuento_global_usd": 13.48098082364,
    "factor_descuento": 0.97000226786017,
    "total_gravado_con_descuento_usd": 214.24440090228,
    "total_exento_con_descuento_usd": 221.67461827408,
    "total_iva_con_descuento_usd": 34.28,
    "subtotal_con_descuento_usd": 435.91901917636,
    "total_pagar_usd": 470.19901917636,
    "tasa_cambio": 477.15,
    "total_gravado_ves": 102226.72,
    "total_iva_ves": 16355.94,
    "total_pagar_ves": 224354.7,
    "CHECK_TotalIVA_ves": 16355.94,
    "CHECK_ValorTotalImp_G_ves": "16355.94",
    "CHECK_Base_x_16pct": 16355.94
}