{
    "subtotal_original_usd": 302.01,
    "descuento_global_usd": 12.080410553492,
    "factor_descuento": 0.95999996505582,
    "total_gravado_original_usd": 298.89,
    "total_gravado_con_descuento_usd": 286.93438955553,
    "total_exento_original_usd": 3.12,
    "total_exento_con_descuento_usd": 2.9951998909742,
    "total_iva_original_usd": 47.8224,
    "total_iva_con_descuento_usd": 45.909502328885,
    "subtotal_con_descuento_usd": 289.92958944651,
    "total_pagar_usd": 335.83909177539,
    "tasa_cambio": 476.43,
    "total_pagar_ves": 160003.81849455
}