{
    "subtotal_original_usd": 662.01,
    "descuento_global_usd": 26.480267152398,
    "factor_descuento": 0.9600002006731,
    "total_gravado_con_descuento_usd": 164.67843442346,
    "total_exento_con_descuento_usd": 470.85129842414,
    "total_iva_con_descuento_usd": 26.35,
    "subtotal_con_descuento_usd": 635.5297328476,
    "total_pagar_usd": 661.8797328476,
    "tasa_cambio": 477.63,
    "total_gravado_ves": 78655.36,
    "total_iva_ves": 12584.98,
    "total_pagar_ves": 316133.05,
    "CHECK_TotalIVA_ves": 12584.98,
    "CHECK_ValorTotalImp_G_ves": "0.00",
    "CHECK_Base_x_16pct": 35982.73
}