{
    "subtotal_original_usd": 314.2,
    "descuento_global_usd": 62.849889532702,
    "factor_descuento": 0.79996852472087,
    "total_gravado_con_descuento_usd": 240.39054167862,
    "total_exento_con_descuento_usd": 10.959568788676,
    "total_iva_con_descuento_usd": 38.46,
    "subtotal_con_descuento_usd": 251.3501104673,
    "total_pagar_usd": 289.8101104673,
    "tasa_cambio": 479.78,
    "total_gravado_ves": 115334.57,
    "total_iva_ves": 18453.49,
    "total_pagar_ves": 139046.25,
    "CHECK_TotalIVA_ves": 18453.49,
    "CHECK_ValorTotalImp_G_ves": "18453.49",
    "CHECK_Base_x_16pct": 18453.49
}