{
    "subtotal_original_usd": 375.37,
    "descuento_global_usd": 11.262600859269,
    "factor_descuento": 0.96999600165365,
    "total_gravado_con_descuento_usd": 321.35967534785,
    "total_exento_con_descuento_usd": 42.747723792876,
    "total_iva_con_descuento_usd": 51.42,
    "subtotal_con_descuento_usd": 364.10739914073,
    "total_pagar_usd": 415.52739914073,
    "tasa_cambio": 477.15,
    "total_gravado_ves": 153336.77,
    "total_iva_ves": 24533.91,
    "total_pagar_ves": 198267.76,
    "CHECK_TotalIVA_ves": 24533.91,
    "CHECK_ValorTotalImp_G_ves": "0.00",
    "CHECK_Base_x_16pct": 3263.71
}