{
    "subtotal_original_usd": 185.46,
    "descuento_global_usd": 5.5637986568704,
    "factor_descuento": 0.97000000724215,
    "total_gravado_con_descuento_usd": 179.89620134313,
    "total_exento_con_descuento_usd": 0,
    "total_iva_con_descuento_usd": 28.78,
    "subtotal_con_descuento_usd": 179.89620134313,
    "total_pagar_usd": 208.67620134313,
    "tasa_cambio": 475.01,
    "total_gravado_ves": 85452.49,
    "total_iva_ves": 13672.69,
    "total_pagar_ves": 99125.18,
    "CHECK_TotalIVA_ves": 13672.69,
    "CHECK_ValorTotalImp_G_ves": "13672.69",
    "CHECK_Base_x_16pct": 13672.69
}