{
    "subtotal_original_usd": 1453.46,
    "descuento_global_usd": 101.72583590454,
    "factor_descuento": 0.93001125871745,
    "total_gravado_original_usd": 1453.46,
    "total_gravado_con_descuento_usd": 1351.7341640955,
    "total_exento_original_usd": 0,
    "total_exento_con_descuento_usd": 0,
    "total_iva_original_usd": 232.5536,
    "total_iva_con_descuento_usd": 216.27746625527,
    "subtotal_con_descuento_usd": 1351.7341640955,
    "total_pagar_usd": 1568.0116303507,
    "tasa_cambio": 476.43,
    "total_pagar_ves": 747047.781048
}