{
    "subtotal_original_usd": 4082.4,
    "descuento_global_usd": 122.44226028958,
    "factor_descuento": 0.9700072848595,
    "total_gravado_con_descuento_usd": 3959.9577397104,
    "total_exento_con_descuento_usd": 0,
    "total_iva_con_descuento_usd": 633.59,
    "subtotal_con_descuento_usd": 3959.9577397104,
    "total_pagar_usd": 4593.5477397104,
    "tasa_cambio": 482.77,
    "total_gravado_ves": 1911748.8,
    "total_iva_ves": 305879.98,
    "total_pagar_ves": 2217628.78,
    "CHECK_TotalIVA_ves": 305879.98,
    "CHECK_ValorTotalImp_G_ves": "305879.98",
    "CHECK_Base_x_16pct": 305879.98
}