{
    "subtotal_original_usd": 560.33,
    "descuento_global_usd": 22.413199783883,
    "factor_descuento": 0.9600000003857,
    "total_gravado_con_descuento_usd": 537.91680021612,
    "total_exento_con_descuento_usd": 0,
    "total_iva_con_descuento_usd": 86.07,
    "subtotal_con_descuento_usd": 537.91680021612,
    "total_pagar_usd": 623.98680021612,
    "tasa_cambio": 481.22,
    "total_gravado_ves": 258856.32,
    "total_iva_ves": 41417.26,
    "total_pagar_ves": 300273.58,
    "CHECK_TotalIVA_ves": 41417.26,
    "CHECK_ValorTotalImp_G_ves": "41417.26",
    "CHECK_Base_x_16pct": 41417.26
}