{
    "subtotal_original_usd": 5065.34,
    "descuento_global_usd": 1013.0676305487,
    "factor_descuento": 0.80000007293712,
    "total_gravado_con_descuento_usd": 3594.3523277021,
    "total_exento_con_descuento_usd": 457.92004174921,
    "total_iva_con_descuento_usd": 575.1,
    "subtotal_con_descuento_usd": 4052.2723694513,
    "total_pagar_usd": 4627.3723694513,
    "tasa_cambio": 482.77,
    "total_gravado_ves": 1735245.47,
    "total_iva_ves": 277639.1,
    "total_pagar_ves": 2233954.63,
    "CHECK_TotalIVA_ves": 277639.1,
    "CHECK_ValorTotalImp_G_ves": "277639.10",
    "CHECK_Base_x_16pct": 277639.1
}