{
    "subtotal_original_usd": 519.99,
    "descuento_global_usd": 20.79959400957,
    "factor_descuento": 0.96000001152028,
    "total_gravado_con_descuento_usd": 499.19040599043,
    "total_exento_con_descuento_usd": 0,
    "total_iva_con_descuento_usd": 79.87,
    "subtotal_con_descuento_usd": 499.19040599043,
    "total_pagar_usd": 579.06040599043,
    "tasa_cambio": 482.77,
    "total_gravado_ves": 240994.15,
    "total_iva_ves": 38559.03,
    "total_pagar_ves": 279553.18,
    "CHECK_TotalIVA_ves": 38559.03,
    "CHECK_ValorTotalImp_G_ves": "38559.03",
    "CHECK_Base_x_16pct": 38559.03
}