{
    "subtotal_original_usd": 36.71,
    "descuento_global_usd": 1.8358298506227,
    "factor_descuento": 0.94999101469292,
    "total_gravado_con_descuento_usd": 30.741709235463,
    "total_exento_con_descuento_usd": 4.1324609139142,
    "total_iva_con_descuento_usd": 4.92,
    "subtotal_con_descuento_usd": 34.874170149377,
    "total_pagar_usd": 39.794170149377,
    "tasa_cambio": 483.34,
    "total_gravado_ves": 14858.7,
    "total_iva_ves": 2377.26,
    "total_pagar_ves": 19233.34,
    "CHECK_TotalIVA_ves": 2377.26,
    "CHECK_ValorTotalImp_G_ves": "2377.26",
    "CHECK_Base_x_16pct": 2377.26
}