{
    "subtotal_original_usd": 462.79,
    "descuento_global_usd": 18.511610083477,
    "factor_descuento": 0.95999997821155,
    "total_gravado_con_descuento_usd": 414.85439058434,
    "total_exento_con_descuento_usd": 29.423999332184,
    "total_iva_con_descuento_usd": 66.38,
    "subtotal_con_descuento_usd": 444.27838991652,
    "total_pagar_usd": 510.65838991652,
    "tasa_cambio": 482.77,
    "total_gravado_ves": 200279.25,
    "total_iva_ves": 32044.34,
    "total_pagar_ves": 246528.62,
    "CHECK_TotalIVA_ves": 32044.34,
    "CHECK_ValorTotalImp_G_ves": "32044.34",
    "CHECK_Base_x_16pct": 32044.34
}