{
    "subtotal_original_usd": 1627.76,
    "descuento_global_usd": 65.110552237242,
    "factor_descuento": 0.95999990647439,
    "total_gravado_original_usd": 1627.76,
    "total_gravado_con_descuento_usd": 1562.6494477628,
    "total_exento_original_usd": 0,
    "total_exento_con_descuento_usd": 0,
    "total_iva_original_usd": 260.4416,
    "total_iva_con_descuento_usd": 250.02391164204,
    "subtotal_con_descuento_usd": 1562.6494477628,
    "total_pagar_usd": 1812.6733594048,
    "tasa_cambio": 477.15,
    "total_pagar_ves": 864917.09344
}