{
    "subtotal_original_usd": 916.64,
    "descuento_global_usd": 64.164827385166,
    "factor_descuento": 0.9299999701244,
    "total_gravado_con_descuento_usd": 802.96197420541,
    "total_exento_con_descuento_usd": 49.513198409423,
    "total_iva_con_descuento_usd": 128.47,
    "subtotal_con_descuento_usd": 852.47517261483,
    "total_pagar_usd": 980.94517261483,
    "tasa_cambio": 480.26,
    "total_gravado_ves": 385630.52,
    "total_iva_ves": 61700.73,
    "total_pagar_ves": 471110.46,
    "CHECK_TotalIVA_ves": 61700.73,
    "CHECK_ValorTotalImp_G_ves": "61700.73",
    "CHECK_Base_x_16pct": 61700.73
}