{
    "subtotal_original_usd": 5836.41,
    "descuento_global_usd": 1167.281067767,
    "factor_descuento": 0.80000015972713,
    "total_gravado_original_usd": 4442.17,
    "total_gravado_con_descuento_usd": 3553.7367095351,
    "total_exento_original_usd": 1394.24,
    "total_exento_con_descuento_usd": 1115.392222698,
    "total_iva_original_usd": 710.7472,
    "total_iva_con_descuento_usd": 568.59787352561,
    "subtotal_con_descuento_usd": 4669.128932233,
    "total_pagar_usd": 5237.7268057586,
    "tasa_cambio": 475.01,
    "total_pagar_ves": 2487972.6100034
}