{
    "subtotal_original_usd": 250.52,
    "descuento_global_usd": 7.5144921500854,
    "factor_descuento": 0.97000442220148,
    "total_gravado_con_descuento_usd": 237.18548131671,
    "total_exento_con_descuento_usd": 5.8200265332089,
    "total_iva_con_descuento_usd": 37.95,
    "subtotal_con_descuento_usd": 243.00550784991,
    "total_pagar_usd": 280.95550784991,
    "tasa_cambio": 480.26,
    "total_gravado_ves": 113910.7,
    "total_iva_ves": 18226.06,
    "total_pagar_ves": 134931.89,
    "CHECK_TotalIVA_ves": 18226.06,
    "CHECK_ValorTotalImp_G_ves": "18226.06",
    "CHECK_Base_x_16pct": 18226.06
}