{
    "subtotal_original_usd": 237.48,
    "descuento_global_usd": 9.499191906471,
    "factor_descuento": 0.96000003408089,
    "total_gravado_original_usd": 218.2,
    "total_gravado_con_descuento_usd": 209.47200743645,
    "total_exento_original_usd": 19.28,
    "total_exento_con_descuento_usd": 18.508800657079,
    "total_iva_original_usd": 34.912,
    "total_iva_con_descuento_usd": 33.515521189832,
    "subtotal_con_descuento_usd": 227.98080809353,
    "total_pagar_usd": 261.49632928336,
    "tasa_cambio": 476.43,
    "total_pagar_ves": 124584.69616047
}