{
    "subtotal_original_usd": 200.97,
    "descuento_global_usd": 6.0290927226632,
    "factor_descuento": 0.97000003621106,
    "total_gravado_con_descuento_usd": 194.94090727734,
    "total_exento_con_descuento_usd": 0,
    "total_iva_con_descuento_usd": 31.19,
    "subtotal_con_descuento_usd": 194.94090727734,
    "total_pagar_usd": 226.13090727734,
    "tasa_cambio": 481.22,
    "total_gravado_ves": 93809.46,
    "total_iva_ves": 15009.44,
    "total_pagar_ves": 108818.9,
    "CHECK_TotalIVA_ves": 15009.44,
    "CHECK_ValorTotalImp_G_ves": "15009.44",
    "CHECK_Base_x_16pct": 15009.44
}