{
    "subtotal_original_usd": 1356.44,
    "descuento_global_usd": 67.821846499813,
    "factor_descuento": 0.95000011316401,
    "total_gravado_con_descuento_usd": 739.20458805405,
    "total_exento_con_descuento_usd": 549.41356544614,
    "total_iva_con_descuento_usd": 118.27,
    "subtotal_con_descuento_usd": 1288.6181535002,
    "total_pagar_usd": 1406.8881535002,
    "tasa_cambio": 480.26,
    "total_gravado_ves": 355010.4,
    "total_iva_ves": 56801.31,
    "total_pagar_ves": 675673.06,
    "CHECK_TotalIVA_ves": 56801.31,
    "CHECK_ValorTotalImp_G_ves": "56801.31",
    "CHECK_Base_x_16pct": 56801.31
}