{
    "subtotal_original_usd": 106.64,
    "descuento_global_usd": 3.1992045901775,
    "factor_descuento": 0.96999995695632,
    "total_gravado_con_descuento_usd": 103.44079540982,
    "total_exento_con_descuento_usd": 0,
    "total_iva_con_descuento_usd": 16.55,
    "subtotal_con_descuento_usd": 103.44079540982,
    "total_pagar_usd": 119.99079540982,
    "tasa_cambio": 482.77,
    "total_gravado_ves": 49938.11,
    "total_iva_ves": 7990.04,
    "total_pagar_ves": 57928.15,
    "CHECK_TotalIVA_ves": 7990.04,
    "CHECK_ValorTotalImp_G_ves": "7990.04",
    "CHECK_Base_x_16pct": 7990.04
}