{
    "subtotal_original_usd": 364.82,
    "descuento_global_usd": 10.944611305591,
    "factor_descuento": 0.9699999690105,
    "total_gravado_con_descuento_usd": 353.87538869441,
    "total_exento_con_descuento_usd": 0,
    "total_iva_con_descuento_usd": 56.62,
    "subtotal_con_descuento_usd": 353.87538869441,
    "total_pagar_usd": 410.49538869441,
    "tasa_cambio": 482.77,
    "total_gravado_ves": 170840.42,
    "total_iva_ves": 27334.82,
    "total_pagar_ves": 198175.24,
    "CHECK_TotalIVA_ves": 27334.82,
    "CHECK_ValorTotalImp_G_ves": "27334.82",
    "CHECK_Base_x_16pct": 27334.82
}