{
    "subtotal_original_usd": 419.5,
    "descuento_global_usd": 12.584999067879,
    "factor_descuento": 0.97000000222198,
    "total_gravado_con_descuento_usd": 406.91500093212,
    "total_exento_con_descuento_usd": 0,
    "total_iva_con_descuento_usd": 65.11,
    "subtotal_con_descuento_usd": 406.91500093212,
    "total_pagar_usd": 472.02500093212,
    "tasa_cambio": 482.77,
    "total_gravado_ves": 196446.36,
    "total_iva_ves": 31431.8,
    "total_pagar_ves": 227878.16,
    "CHECK_TotalIVA_ves": 31431.8,
    "CHECK_ValorTotalImp_G_ves": "31431.80",
    "CHECK_Base_x_16pct": 31431.8
}