{
    "subtotal_original_usd": 241.85,
    "descuento_global_usd": 7.2555046916751,
    "factor_descuento": 0.96999998060089,
    "total_gravado_con_descuento_usd": 198.41349603191,
    "total_exento_con_descuento_usd": 36.180999276413,
    "total_iva_con_descuento_usd": 31.75,
    "subtotal_con_descuento_usd": 234.59449530832,
    "total_pagar_usd": 266.34449530832,
    "tasa_cambio": 482.77,
    "total_gravado_ves": 95788.08,
    "total_iva_ves": 15325.82,
    "total_pagar_ves": 128581,
    "CHECK_TotalIVA_ves": 15325.82,
    "CHECK_ValorTotalImp_G_ves": "0.00",
    "CHECK_Base_x_16pct": 2794.66
}