{
    "subtotal_original_usd": 200.56,
    "descuento_global_usd": 6.0179071419616,
    "factor_descuento": 0.9699944797469,
    "total_gravado_con_descuento_usd": 143.63678256092,
    "total_exento_con_descuento_usd": 50.905310297117,
    "total_iva_con_descuento_usd": 22.98,
    "subtotal_con_descuento_usd": 194.54209285804,
    "total_pagar_usd": 217.52209285804,
    "tasa_cambio": 478.58,
    "total_gravado_ves": 68741.69,
    "total_iva_ves": 10998.92,
    "total_pagar_ves": 104102.87,
    "CHECK_TotalIVA_ves": 10998.92,
    "CHECK_ValorTotalImp_G_ves": "10998.92",
    "CHECK_Base_x_16pct": 10998.92
}