{
    "subtotal_original_usd": 1051.8,
    "descuento_global_usd": 42.071993787125,
    "factor_descuento": 0.9600000059069,
    "total_gravado_original_usd": 978.8,
    "total_gravado_con_descuento_usd": 939.64800578167,
    "total_exento_original_usd": 73,
    "total_exento_con_descuento_usd": 70.080000431204,
    "total_iva_original_usd": 156.608,
    "total_iva_con_descuento_usd": 150.34368092507,
    "subtotal_con_descuento_usd": 1009.7280062129,
    "total_pagar_usd": 1160.0716871379,
    "tasa_cambio": 476.43,
    "total_pagar_ves": 552692.95390313
}