{
    "subtotal_original_usd": 197.38,
    "descuento_global_usd": 5.9213911386374,
    "factor_descuento": 0.97000004489494,
    "total_gravado_con_descuento_usd": 191.45860886136,
    "total_exento_con_descuento_usd": 0,
    "total_iva_con_descuento_usd": 30.63,
    "subtotal_con_descuento_usd": 191.45860886136,
    "total_pagar_usd": 222.08860886136,
    "tasa_cambio": 482.77,
    "total_gravado_ves": 92430.47,
    "total_iva_ves": 14788.98,
    "total_pagar_ves": 107219.45,
    "CHECK_TotalIVA_ves": 14788.98,
    "CHECK_ValorTotalImp_G_ves": "14788.98",
    "CHECK_Base_x_16pct": 14788.98
}