{
    "subtotal_original_usd": 348.3,
    "descuento_global_usd": 10.448997457168,
    "factor_descuento": 0.9700000073007,
    "total_gravado_con_descuento_usd": 337.85100254283,
    "total_exento_con_descuento_usd": 0,
    "total_iva_con_descuento_usd": 54.06,
    "subtotal_con_descuento_usd": 337.85100254283,
    "total_pagar_usd": 391.91100254283,
    "tasa_cambio": 479.78,
    "total_gravado_ves": 162094.15,
    "total_iva_ves": 25934.99,
    "total_pagar_ves": 188029.14,
    "CHECK_TotalIVA_ves": 25934.99,
    "CHECK_ValorTotalImp_G_ves": "25934.99",
    "CHECK_Base_x_16pct": 25934.99
}