{
    "subtotal_original_usd": 256.22,
    "descuento_global_usd": 12.810990071994,
    "factor_descuento": 0.95000003874798,
    "total_gravado_original_usd": 127.68,
    "total_gravado_con_descuento_usd": 121.29600494734,
    "total_exento_original_usd": 128.54,
    "total_exento_con_descuento_usd": 122.11300498066,
    "total_iva_original_usd": 20.4288,
    "total_iva_con_descuento_usd": 19.407360791575,
    "subtotal_con_descuento_usd": 243.40900992801,
    "total_pagar_usd": 262.81637071958,
    "tasa_cambio": 476.43,
    "total_pagar_ves": 125213.60350193
}