{
    "subtotal_original_usd": 222.56,
    "descuento_global_usd": 11.12805197527,
    "factor_descuento": 0.94999976646626,
    "total_gravado_con_descuento_usd": 211.43194802473,
    "total_exento_con_descuento_usd": 0,
    "total_iva_con_descuento_usd": 33.83,
    "subtotal_con_descuento_usd": 211.43194802473,
    "total_pagar_usd": 245.26194802473,
    "tasa_cambio": 477.15,
    "total_gravado_ves": 100884.75,
    "total_iva_ves": 16141.41,
    "total_pagar_ves": 117026.16,
    "CHECK_TotalIVA_ves": 16141.41,
    "CHECK_ValorTotalImp_G_ves": "16141.41",
    "CHECK_Base_x_16pct": 16141.41
}