{
    "subtotal_original_usd": 453.4,
    "descuento_global_usd": 22.669993276746,
    "factor_descuento": 0.95000001482853,
    "total_gravado_original_usd": 154.08,
    "total_gravado_con_descuento_usd": 146.37600228478,
    "total_exento_original_usd": 299.32,
    "total_exento_con_descuento_usd": 284.35400443847,
    "total_iva_original_usd": 24.6528,
    "total_iva_con_descuento_usd": 23.420160365565,
    "subtotal_con_descuento_usd": 430.73000672325,
    "total_pagar_usd": 454.15016708882,
    "tasa_cambio": 475.96,
    "total_pagar_ves": 216157.31352759
}