{
    "subtotal_original_usd": 205.32,
    "descuento_global_usd": 6.1596037193292,
    "factor_descuento": 0.96999998188521,
    "total_gravado_original_usd": 138.84,
    "total_gravado_con_descuento_usd": 134.67479748494,
    "total_exento_original_usd": 66.48,
    "total_exento_con_descuento_usd": 64.485598795729,
    "total_iva_original_usd": 22.2144,
    "total_iva_con_descuento_usd": 21.547967597591,
    "subtotal_con_descuento_usd": 199.16039628067,
    "total_pagar_usd": 220.70836387826,
    "tasa_cambio": 476.43,
    "total_pagar_ves": 105152.08580252
}