{
    "subtotal_original_usd": 1061.76,
    "descuento_global_usd": 42.47034315265,
    "factor_descuento": 0.96000005354068,
    "total_gravado_con_descuento_usd": 1019.2896568474,
    "total_exento_con_descuento_usd": 0,
    "total_iva_con_descuento_usd": 163.09,
    "subtotal_con_descuento_usd": 1019.2896568474,
    "total_pagar_usd": 1182.3796568474,
    "tasa_cambio": 477.63,
    "total_gravado_ves": 486843.32,
    "total_iva_ves": 77894.96,
    "total_pagar_ves": 564738.28,
    "CHECK_TotalIVA_ves": 77894.96,
    "CHECK_ValorTotalImp_G_ves": "77894.96",
    "CHECK_Base_x_16pct": 77894.96
}