{
    "subtotal_original_usd": 94.15,
    "descuento_global_usd": 4.7083419539041,
    "factor_descuento": 0.94999105731382,
    "total_gravado_con_descuento_usd": 88.045171191845,
    "total_exento_con_descuento_usd": 1.3964868542513,
    "total_iva_con_descuento_usd": 14.09,
    "subtotal_con_descuento_usd": 89.441658046096,
    "total_pagar_usd": 103.5316580461,
    "tasa_cambio": 483.34,
    "total_gravado_ves": 42555.75,
    "total_iva_ves": 6809.29,
    "total_pagar_ves": 50040.02,
    "CHECK_TotalIVA_ves": 6809.29,
    "CHECK_ValorTotalImp_G_ves": "6809.29",
    "CHECK_Base_x_16pct": 6809.29
}