{
    "subtotal_original_usd": 155.81,
    "descuento_global_usd": 7.7911622913202,
    "factor_descuento": 0.94999574936576,
    "total_gravado_original_usd": 111.58,
    "total_gravado_con_descuento_usd": 106.00052571423,
    "total_exento_original_usd": 44.23,
    "total_exento_con_descuento_usd": 42.018311994448,
    "total_iva_original_usd": 17.8528,
    "total_iva_con_descuento_usd": 16.960084114277,
    "subtotal_con_descuento_usd": 148.01883770868,
    "total_pagar_usd": 164.97892182296,
    "tasa_cambio": 475.01,
    "total_pagar_ves": 78366.637655123
}