{
    "subtotal_original_usd": 596.01,
    "descuento_global_usd": 29.800509462959,
    "factor_descuento": 0.94999998412282,
    "total_gravado_original_usd": 228.76,
    "total_gravado_con_descuento_usd": 217.32199636794,
    "total_exento_original_usd": 367.25,
    "total_exento_con_descuento_usd": 348.88749416911,
    "total_iva_original_usd": 36.6016,
    "total_iva_con_descuento_usd": 34.77151941887,
    "subtotal_con_descuento_usd": 566.20949053704,
    "total_pagar_usd": 600.98100995591,
    "tasa_cambio": 475.01,
    "total_pagar_ves": 285471.98953916
}