{
    "subtotal_original_usd": 596.01,
    "descuento_global_usd": 29.800509462959,
    "factor_descuento": 0.94999998412282,
    "total_gravado_con_descuento_usd": 217.32199636794,
    "total_exento_con_descuento_usd": 348.88749416911,
    "total_iva_con_descuento_usd": 34.77,
    "subtotal_con_descuento_usd": 566.20949053704,
    "total_pagar_usd": 600.97949053704,
    "tasa_cambio": 475.01,
    "total_gravado_ves": 103230.12,
    "total_iva_ves": 16516.67,
    "total_pagar_ves": 285471.84,
    "CHECK_TotalIVA_ves": 16516.67,
    "CHECK_ValorTotalImp_G_ves": "0.00",
    "CHECK_Base_x_16pct": 26516.2
}