{
    "subtotal_original_usd": 150.98,
    "descuento_global_usd": 6.0425394577937,
    "factor_descuento": 0.95997788145586,
    "total_gravado_con_descuento_usd": 64.145722038881,
    "total_exento_con_descuento_usd": 80.791738503325,
    "total_iva_con_descuento_usd": 10.26,
    "subtotal_con_descuento_usd": 144.93746054221,
    "total_pagar_usd": 155.19746054221,
    "tasa_cambio": 480.26,
    "total_gravado_ves": 30806.62,
    "total_iva_ves": 4929.39,
    "total_pagar_ves": 74537.05,
    "CHECK_TotalIVA_ves": 4929.39,
    "CHECK_ValorTotalImp_G_ves": "0.00",
    "CHECK_Base_x_16pct": 6208.03
}