{
    "subtotal_original_usd": 360.98,
    "descuento_global_usd": 10.829355834015,
    "factor_descuento": 0.97000012235023,
    "total_gravado_original_usd": 199.03,
    "total_gravado_con_descuento_usd": 193.05912435137,
    "total_exento_original_usd": 161.95,
    "total_exento_con_descuento_usd": 157.09151981462,
    "total_iva_original_usd": 31.8448,
    "total_iva_con_descuento_usd": 30.889459896218,
    "subtotal_con_descuento_usd": 350.15064416598,
    "total_pagar_usd": 381.0401040622,
    "tasa_cambio": 476.43,
    "total_pagar_ves": 181538.93677836
}