{
    "subtotal_original_usd": 360.96,
    "descuento_global_usd": 14.438409270916,
    "factor_descuento": 0.95999997431595,
    "total_gravado_con_descuento_usd": 288.20159228939,
    "total_exento_con_descuento_usd": 58.319998439694,
    "total_iva_con_descuento_usd": 46.11,
    "subtotal_con_descuento_usd": 346.52159072908,
    "total_pagar_usd": 392.63159072908,
    "tasa_cambio": 479.78,
    "total_gravado_ves": 138273.36,
    "total_iva_ves": 22123.62,
    "total_pagar_ves": 188377.75,
    "CHECK_TotalIVA_ves": 22123.62,
    "CHECK_ValorTotalImp_G_ves": "22123.62",
    "CHECK_Base_x_16pct": 22123.62
}