{
    "subtotal_original_usd": 496.17,
    "descuento_global_usd": 14.884727717132,
    "factor_descuento": 0.97000075031313,
    "total_gravado_con_descuento_usd": 308.5184386446,
    "total_exento_con_descuento_usd": 172.76683363827,
    "total_iva_con_descuento_usd": 49.36,
    "subtotal_con_descuento_usd": 481.28527228287,
    "total_pagar_usd": 530.64527228287,
    "tasa_cambio": 482.77,
    "total_gravado_ves": 148943.45,
    "total_iva_ves": 23831.07,
    "total_pagar_ves": 256181.16,
    "CHECK_TotalIVA_ves": 23831.07,
    "CHECK_ValorTotalImp_G_ves": "23831.07",
    "CHECK_Base_x_16pct": 23831.07
}