{
    "subtotal_original_usd": 897.24,
    "descuento_global_usd": 179.44790635987,
    "factor_descuento": 0.80000010436464,
    "total_gravado_original_usd": 428.04,
    "total_gravado_con_descuento_usd": 342.43204467224,
    "total_exento_original_usd": 469.2,
    "total_exento_con_descuento_usd": 375.36004896789,
    "total_iva_original_usd": 68.4864,
    "total_iva_con_descuento_usd": 54.789127147559,
    "subtotal_con_descuento_usd": 717.79209364013,
    "total_pagar_usd": 772.58122078769,
    "tasa_cambio": 475.01,
    "total_pagar_ves": 366983.80568636
}