{
    "subtotal_original_usd": 1209.74,
    "descuento_global_usd": 84.681776537709,
    "factor_descuento": 0.93000001939449,
    "total_gravado_con_descuento_usd": 815.51701700703,
    "total_exento_con_descuento_usd": 309.54120645526,
    "total_iva_con_descuento_usd": 130.48,
    "subtotal_con_descuento_usd": 1125.0582234623,
    "total_pagar_usd": 1255.5382234623,
    "tasa_cambio": 480.26,
    "total_gravado_ves": 391660.2,
    "total_iva_ves": 62665.86,
    "total_pagar_ves": 602986.32,
    "CHECK_TotalIVA_ves": 62665.86,
    "CHECK_ValorTotalImp_G_ves": "62665.86",
    "CHECK_Base_x_16pct": 62665.86
}