{
    "subtotal_original_usd": 720.14,
    "descuento_global_usd": 36.007075764472,
    "factor_descuento": 0.94999989479202,
    "total_gravado_con_descuento_usd": 422.21795324137,
    "total_exento_con_descuento_usd": 261.91497099416,
    "total_iva_con_descuento_usd": 67.55,
    "subtotal_con_descuento_usd": 684.13292423553,
    "total_pagar_usd": 751.68292423553,
    "tasa_cambio": 483.34,
    "total_gravado_ves": 204074.83,
    "total_iva_ves": 32652.13,
    "total_pagar_ves": 363320.94,
    "CHECK_TotalIVA_ves": 32652.13,
    "CHECK_ValorTotalImp_G_ves": "32652.13",
    "CHECK_Base_x_16pct": 32652.13
}