{
    "subtotal_original_usd": 260.54,
    "descuento_global_usd": 52.118959338816,
    "factor_descuento": 0.79995793606043,
    "total_gravado_con_descuento_usd": 83.435612731103,
    "total_exento_con_descuento_usd": 124.98542793008,
    "total_iva_con_descuento_usd": 13.35,
    "subtotal_con_descuento_usd": 208.42104066118,
    "total_pagar_usd": 221.77104066118,
    "tasa_cambio": 482.77,
    "total_gravado_ves": 40280.21,
    "total_iva_ves": 6445.17,
    "total_pagar_ves": 107064.6,
    "CHECK_TotalIVA_ves": 6445.17,
    "CHECK_ValorTotalImp_G_ves": "0.00",
    "CHECK_Base_x_16pct": 9654.63
}