{
    "subtotal_original_usd": 616.46,
    "descuento_global_usd": 24.658573279285,
    "factor_descuento": 0.95999971891236,
    "total_gravado_con_descuento_usd": 591.80142672072,
    "total_exento_con_descuento_usd": 0,
    "total_iva_con_descuento_usd": 94.69,
    "subtotal_con_descuento_usd": 591.80142672072,
    "total_pagar_usd": 686.49142672072,
    "tasa_cambio": 478.58,
    "total_gravado_ves": 283224.33,
    "total_iva_ves": 45315.78,
    "total_pagar_ves": 328540.11,
    "CHECK_TotalIVA_ves": 45315.78,
    "CHECK_ValorTotalImp_G_ves": "45315.78",
    "CHECK_Base_x_16pct": 45315.78
}