{
    "tasa_cambio": 596.78,
    "porcentaje_descuento": 20,
    "subtotal_usd": 1050.1700000000003,
    "subtotal_antes_desc_ves": 626720.45,
    "monto_descuento_ves": 125344.09,
    "monto_descuento_gravado_ves": 46047.54,
    "monto_descuento_exento_ves": 79296.55,
    "total_gravado_ves": 184190.18,
    "total_exento_ves": 317186.18,
    "suma_gravado_exento_ves": 501376.36,
    "subtotal_ves": 501376.36,
    "coinciden_ves": "SI",
    "total_iva_ves": 29470.43,
    "total_pagar_ves": 530846.79,
    "verificacion_5porciento": 31336.02,
    "diferencia_con_debug": -94008.06999999999
}