{
    "tasa_cambio": 596.78,
    "porcentaje_descuento": 3,
    "subtotal_usd": 218.17000000000002,
    "subtotal_antes_desc_ves": 130199.49,
    "monto_descuento_ves": 3905.98,
    "monto_descuento_gravado_ves": 3286.52,
    "monto_descuento_exento_ves": 619.46,
    "total_gravado_ves": 106264.38,
    "total_exento_ves": 20029.13,
    "suma_gravado_exento_ves": 126293.51000000001,
    "subtotal_ves": 126293.51,
    "coinciden_ves": "NO",
    "total_iva_ves": 17002.3,
    "total_pagar_ves": 143295.81,
    "verificacion_5porciento": 6509.97,
    "diferencia_con_debug": 2603.9900000000002
}