{
    "tasa_cambio": 596.78,
    "porcentaje_descuento": 20,
    "subtotal_usd": 1599.9099999999999,
    "subtotal_antes_desc_ves": 954794.29,
    "monto_descuento_ves": 190958.86,
    "monto_descuento_gravado_ves": 167183.13999999998,
    "monto_descuento_exento_ves": 23775.72,
    "total_gravado_ves": 668732.57,
    "total_exento_ves": 95102.86,
    "suma_gravado_exento_ves": 763835.4299999999,
    "subtotal_ves": 763835.43,
    "coinciden_ves": "NO",
    "total_iva_ves": 106997.21,
    "total_pagar_ves": 870832.64,
    "verificacion_5porciento": 47739.71,
    "diferencia_con_debug": -143219.15
}